{
    "name": "root",
    "gauges": {
        "3DBallHard.Policy.Entropy.mean": {
            "value": 1.174275279045105,
            "min": 1.062566876411438,
            "max": 1.361419916152954,
            "count": 11
        },
        "3DBallHard.Environment.EpisodeLength.mean": {
            "value": 999.0,
            "min": 17.975,
            "max": 999.0,
            "count": 9
        },
        "3DBallHard.Policy.ExtrinsicValue.mean": {
            "value": 8.05761432647705,
            "min": 3.3820722103118896,
            "max": 8.05761432647705,
            "count": 11
        },
        "3DBallHard.Environment.CumulativeReward.mean": {
            "value": 100.00001525878906,
            "min": 0.7940063202042685,
            "max": 100.00001525878906,
            "count": 11
        },
        "3DBallHard.Policy.ExtrinsicReward.mean": {
            "value": 100.00001525878906,
            "min": 0.7940063202042685,
            "max": 100.00001525878906,
            "count": 11
        },
        "3DBallHard.Losses.PolicyLoss.mean": {
            "value": -6.104934460539021,
            "min": -6.104934460539021,
            "max": -2.9029789559403953,
            "count": 9
        },
        "3DBallHard.Losses.ValueLoss.mean": {
            "value": 0.032252141265654385,
            "min": 0.029462336521293125,
            "max": 0.0688344984530335,
            "count": 9
        },
        "3DBallHard.Losses.Q1Loss.mean": {
            "value": 0.03425120596078908,
            "min": 0.032132039361988524,
            "max": 0.10828800756085573,
            "count": 9
        },
        "3DBallHard.Losses.Q2Loss.mean": {
            "value": 0.03691730276791548,
            "min": 0.035125107629138806,
            "max": 0.10739736142392005,
            "count": 9
        },
        "3DBallHard.Policy.EntropyCoeff.mean": {
            "value": 0.05455391439901615,
            "min": 0.05455391439901615,
            "max": 0.8450914475916382,
            "count": 9
        },
        "3DBallHard.Policy.LearningRate.mean": {
            "value": 0.0002999999999999999,
            "min": 0.0002999999999999999,
            "max": 0.0003,
            "count": 9
        },
        "3DBallHard.IsTraining.mean": {
            "value": 1.0,
            "min": 1.0,
            "max": 1.0,
            "count": 11
        }
    },
    "metadata": {
        "timer_format_version": "0.1.0",
        "start_time_seconds": "1719311079",
        "python_version": "3.8.6 (tags/v3.8.6:db45529, Sep 23 2020, 15:52:53) [MSC v.1927 64 bit (AMD64)]",
        "command_line_arguments": "C:\\Users\\sabri\\Mlagents__\\venv\\Scripts\\mlagents-learn ./3DBallHard.yaml --run-id agent07 --train",
        "mlagents_version": "0.22.0",
        "mlagents_envs_version": "0.22.0",
        "communication_protocol_version": "1.2.0",
        "pytorch_version": "1.7.0+cu110",
        "numpy_version": "1.18.5",
        "end_time_seconds": "1719311476"
    },
    "total": 396.4411026,
    "count": 1,
    "self": 0.005831000000057429,
    "children": {
        "run_training.setup": {
            "total": 0.009806800000000004,
            "count": 1,
            "self": 0.009806800000000004
        },
        "TrainerController.start_learning": {
            "total": 396.4254648,
            "count": 1,
            "self": 1.3792527999986532,
            "children": {
                "TrainerController._reset_env": {
                    "total": 11.070335400000001,
                    "count": 1,
                    "self": 11.070335400000001
                },
                "TrainerController.advance": {
                    "total": 383.82974350000137,
                    "count": 14176,
                    "self": 0.17701689999910286,
                    "children": {
                        "env_step": {
                            "total": 383.65272660000227,
                            "count": 14176,
                            "self": 327.173423200005,
                            "children": {
                                "SubprocessEnvManager._take_step": {
                                    "total": 56.28734889999822,
                                    "count": 14176,
                                    "self": 0.9560477999959716,
                                    "children": {
                                        "TorchPolicy.evaluate": {
                                            "total": 55.33130110000225,
                                            "count": 12394,
                                            "self": 9.913801000002792,
                                            "children": {
                                                "TorchPolicy.sample_actions": {
                                                    "total": 45.41750009999946,
                                                    "count": 12394,
                                                    "self": 45.41750009999946
                                                }
                                            }
                                        }
                                    }
                                },
                                "workers": {
                                    "total": 0.19195449999906344,
                                    "count": 14175,
                                    "self": 0.0,
                                    "children": {
                                        "worker_root": {
                                            "total": 385.3115425999986,
                                            "count": 14175,
                                            "is_parallel": true,
                                            "self": 300.77661220000005,
                                            "children": {
                                                "steps_from_proto": {
                                                    "total": 0.0005307000000005502,
                                                    "count": 1,
                                                    "is_parallel": true,
                                                    "self": 0.0001265000000021388,
                                                    "children": {
                                                        "_process_vector_observation": {
                                                            "total": 0.0004041999999984114,
                                                            "count": 2,
                                                            "is_parallel": true,
                                                            "self": 0.0004041999999984114
                                                        }
                                                    }
                                                },
                                                "UnityEnvironment.step": {
                                                    "total": 84.53439969999853,
                                                    "count": 14175,
                                                    "is_parallel": true,
                                                    "self": 1.9437430999972065,
                                                    "children": {
                                                        "UnityEnvironment._generate_step_input": {
                                                            "total": 1.9575286999983668,
                                                            "count": 14175,
                                                            "is_parallel": true,
                                                            "self": 1.9575286999983668
                                                        },