{
    "name": "root",
    "gauges": {
        "SmallWallJump.Policy.Entropy.mean": {
            "value": 3.654853582382202,
            "min": 3.654853582382202,
            "max": 3.82448673248291,
            "count": 2
        },
        "SmallWallJump.Environment.EpisodeLength.mean": {
            "value": 61.756410256410255,
            "min": 59.42296072507553,
            "max": 61.756410256410255,
            "count": 2
        },
        "SmallWallJump.Policy.ExtrinsicValue.mean": {
            "value": 0.23220333456993103,
            "min": -0.04595121368765831,
            "max": 0.23220333456993103,
            "count": 2
        },
        "SmallWallJump.Environment.CumulativeReward.mean": {
            "value": -0.8863514468788702,
            "min": -0.9725136448219983,
            "max": -0.8863514468788702,
            "count": 2
        },
        "SmallWallJump.Policy.ExtrinsicReward.mean": {
            "value": -0.8863514468788702,
            "min": -0.9725136448219983,
            "max": -0.8863514468788702,
            "count": 2
        },
        "SmallWallJump.Losses.PolicyLoss.mean": {
            "value": -0.23858361686678223,
            "min": -0.23858361686678223,
            "max": 0.027875300034534065,
            "count": 2
        },
        "SmallWallJump.Losses.ValueLoss.mean": {
            "value": 0.0007259298101371136,
            "min": 0.0007259298101371136,
            "max": 0.0014672244251570665,
            "count": 2
        },
        "SmallWallJump.Losses.Q1Loss.mean": {
            "value": 0.009826227752063502,
            "min": 0.0064766036213908685,
            "max": 0.009826227752063502,
            "count": 2
        },
        "SmallWallJump.Losses.Q2Loss.mean": {
            "value": 0.009832797159675154,
            "min": 0.006513197459174208,
            "max": 0.009832797159675154,
            "count": 2
        },
        "SmallWallJump.Policy.EntropyCoeff.mean": {
            "value": 0.06441872412187347,
            "min": 0.06441872412187347,
            "max": 0.08642636718716638,
            "count": 2
        },
        "SmallWallJump.Policy.LearningRate.mean": {
            "value": 0.0002999999999999999,
            "min": 0.0002999999999999999,
            "max": 0.0003,
            "count": 2
        },
        "SmallWallJump.IsTraining.mean": {
            "value": 1.0,
            "min": 1.0,
            "max": 1.0,
            "count": 2
        },
        "BigWallJump.Policy.Entropy.mean": {
            "value": 2.3331727981567383,
            "min": 2.3331727981567383,
            "max": 3.7401392459869385,
            "count": 8
        },
        "BigWallJump.Environment.EpisodeLength.mean": {
            "value": 216.82222222222222,
            "min": 77.63385826771653,
            "max": 216.82222222222222,
            "count": 8
        },
        "BigWallJump.Policy.ExtrinsicValue.mean": {
            "value": 0.9516981840133667,
            "min": 0.35215693712234497,
            "max": 0.9577267169952393,
            "count": 8
        },
        "BigWallJump.Environment.CumulativeReward.mean": {
            "value": -1.2134239458195542,
            "min": -1.2743051064405906,
            "max": -1.177798401534317,
            "count": 8
        },
        "BigWallJump.Policy.ExtrinsicReward.mean": {
            "value": -1.2134239458195542,
            "min": -1.2743051064405906,
            "max": -1.177798401534317,
            "count": 8
        },
        "BigWallJump.Losses.PolicyLoss.mean": {
            "value": -0.9426420291836478,
            "min": -0.9427470309169357,
            "max": -0.3543510206428745,
            "count": 8
        },
        "BigWallJump.Losses.ValueLoss.mean": {
            "value": 0.0004607153741539957,
            "min": 0.0004607153741539957,
            "max": 0.0015076776870611478,
            "count": 8
        },
        "BigWallJump.Losses.Q1Loss.mean": {
            "value": 0.009202625671774428,
            "min": 0.009202625671774428,
            "max": 0.012560263612056673,
            "count": 8
        },
        "BigWallJump.Losses.Q2Loss.mean": {
            "value": 0.009151654856190147,
            "min": 0.009151654856190147,
            "max": 0.01260213467690115,
            "count": 8
        },
        "BigWallJump.Policy.EntropyCoeff.mean": {
            "value": 0.01293721986300797,
            "min": 0.01293721986300797,
            "max": 0.08676277852610537,
            "count": 8
        },
        "BigWallJump.Policy.LearningRate.mean": {
            "value": 0.0003,
            "min": 0.0003,
            "max": 0.00030000000000000003,
            "count": 8
        },
        "BigWallJump.IsTraining.mean": {
            "value": 1.0,
            "min": 1.0,
            "max": 1.0,
            "count": 8
        }
    },
    "metadata": {
        "timer_format_version": "0.1.0",
        "start_time_seconds": "1719309944",
        "python_version": "3.8.6 (tags/v3.8.6:db45529, Sep 23 2020, 15:52:53) [MSC v.1927 64 bit (AMD64)]",
        "command_line_arguments": "C:\\Users\\sabri\\Mlagents__\\venv\\Scripts\\mlagents-learn ./WallJump.yaml --run-id agent06 --train",
        "mlagents_version": "0.22.0",
        "mlagents_envs_version": "0.22.0",
        "communication_protocol_version": "1.2.0",
        "pytorch_version": "1.7.0+cu110",
        "numpy_version": "1.18.5",
        "end_time_seconds": "1719310379"
    },
    "total": 435.2158231,
    "count": 1,
    "self": 1.266471899999999,
    "children": {
        "run_training.setup": {
            "total": 0.1873148,
            "count": 1,
            "self": 0.1873148
        },
        "TrainerController.start_learning": {
            "total": 433.7620364,
            "count": 1,
            "self": 1.523319000000356,
            "children": {
                "TrainerController._reset_env": {
                    "total": 11.5294804,
                    "count": 1,
                    "self": 11.5294804
                },
                "TrainerController.advance": {
                    "total": 419.31932199999966,
                    "count": 10173,
                    "self": 0.14598329999864745,
                    "children": {
                        "env_step": {
                            "total": 419.173338700001,
                            "count": 10173,
                            "self": 255.43182340000013,
                            "children": {
                                "SubprocessEnvManager._take_step": {
                                    "total": 163.59155900000076,
                                    "count": 10173,
                                    "self": 1.4407623000003298,
                                    "children": {
                                        "TorchPolicy.evaluate": {
                                            "total": 162.15079670000043,
                                            "count": 17547,
                                            "self": 18.727379199999802,
                                            "children": {
                                                "TorchPolicy.sample_actions": {
                                                    "total": 143.42341750000062,
                                                    "count": 17547,
                                                    "self": 143.42341750000062
                                                }
                                            }
                                        }
                                    }
                                },
                                "workers": {
                                    "total": 0.14995630000013627,